# ************************************************************
# Sequel Pro SQL dump
# Version 4541
#
# http://www.sequelpro.com/
# https://github.com/sequelpro/sequelpro
#
# Host: 127.0.0.1 (MySQL 5.6.35)
# Database: aeroporto-api
# Generation Time: 2018-06-18 11:55:11 +0000
# ************************************************************


/*!40101 SET @OLD_CHARACTER_SET_CLIENT=@@CHARACTER_SET_CLIENT */;
/*!40101 SET @OLD_CHARACTER_SET_RESULTS=@@CHARACTER_SET_RESULTS */;
/*!40101 SET @OLD_COLLATION_CONNECTION=@@COLLATION_CONNECTION */;
/*!40101 SET NAMES utf8 */;
/*!40014 SET @OLD_FOREIGN_KEY_CHECKS=@@FOREIGN_KEY_CHECKS, FOREIGN_KEY_CHECKS=0 */;
/*!40101 SET @OLD_SQL_MODE=@@SQL_MODE, SQL_MODE='NO_AUTO_VALUE_ON_ZERO' */;
/*!40111 SET @OLD_SQL_NOTES=@@SQL_NOTES, SQL_NOTES=0 */;


# Dump of table aeronave
# ------------------------------------------------------------

DROP TABLE IF EXISTS `aeronave`;

CREATE TABLE `aeronave` (
  `createdAt` bigint(20) DEFAULT NULL,
  `updatedAt` bigint(20) DEFAULT NULL,
  `id` int(11) NOT NULL AUTO_INCREMENT,
  `nome` varchar(255) DEFAULT NULL,
  PRIMARY KEY (`id`),
  UNIQUE KEY `id` (`id`),
  UNIQUE KEY `nome` (`nome`)
) ENGINE=InnoDB AUTO_INCREMENT=31 DEFAULT CHARSET=utf8;

LOCK TABLES `aeronave` WRITE;
/*!40000 ALTER TABLE `aeronave` DISABLE KEYS */;

INSERT INTO `aeronave` (`createdAt`, `updatedAt`, `id`, `nome`)
VALUES
	(1529170085391,1529170085391,25,'MiG-21'),
	(1529170085391,1529170085391,26,'Ercoupe'),
	(1529170085391,1529170085391,27,'Consolidated B-24 Liberator'),
	(1529170085391,1529170085391,28,'Mitsubishi Zero'),
	(1529170085391,1529170085391,29,'Eclipse 500'),
	(1529170085391,1529170085391,30,'Lancair Columbia/Cessna Corvalis');

/*!40000 ALTER TABLE `aeronave` ENABLE KEYS */;
UNLOCK TABLES;


# Dump of table archive
# ------------------------------------------------------------

DROP TABLE IF EXISTS `archive`;

CREATE TABLE `archive` (
  `id` int(11) NOT NULL AUTO_INCREMENT,
  `createdAt` bigint(20) DEFAULT NULL,
  `fromModel` varchar(255) DEFAULT NULL,
  `originalRecord` longtext,
  `originalRecordId` longtext,
  PRIMARY KEY (`id`),
  UNIQUE KEY `id` (`id`)
) ENGINE=InnoDB DEFAULT CHARSET=utf8;



# Dump of table cliente
# ------------------------------------------------------------

DROP TABLE IF EXISTS `cliente`;

CREATE TABLE `cliente` (
  `createdAt` bigint(20) DEFAULT NULL,
  `updatedAt` bigint(20) DEFAULT NULL,
  `id` int(11) NOT NULL AUTO_INCREMENT,
  `nome` varchar(255) DEFAULT NULL,
  `email` varchar(255) DEFAULT NULL,
  `password` varchar(255) DEFAULT NULL,
  PRIMARY KEY (`id`),
  UNIQUE KEY `id` (`id`),
  UNIQUE KEY `email` (`email`)
) ENGINE=InnoDB AUTO_INCREMENT=3 DEFAULT CHARSET=utf8;

LOCK TABLES `cliente` WRITE;
/*!40000 ALTER TABLE `cliente` DISABLE KEYS */;

INSERT INTO `cliente` (`createdAt`, `updatedAt`, `id`, `nome`, `email`, `password`)
VALUES
	(1529170085391,1529170085391,1,'Jenifer Queiroz Vassallo','jenifer@gmail.com','123'),
	(1529170085391,1529170085391,2,'Adriano Souza Costa','adriano@gmail.com','123');

/*!40000 ALTER TABLE `cliente` ENABLE KEYS */;
UNLOCK TABLES;


# Dump of table passagem
# ------------------------------------------------------------

DROP TABLE IF EXISTS `passagem`;

CREATE TABLE `passagem` (
  `createdAt` bigint(20) DEFAULT NULL,
  `updatedAt` bigint(20) DEFAULT NULL,
  `id` int(11) NOT NULL AUTO_INCREMENT,
  `cliente` int(11) DEFAULT NULL,
  `voo` int(11) DEFAULT NULL,
  PRIMARY KEY (`id`),
  UNIQUE KEY `id` (`id`)
) ENGINE=InnoDB AUTO_INCREMENT=410 DEFAULT CHARSET=utf8;

LOCK TABLES `passagem` WRITE;
/*!40000 ALTER TABLE `passagem` DISABLE KEYS */;

INSERT INTO `passagem` (`createdAt`, `updatedAt`, `id`, `cliente`, `voo`)
VALUES
	(1529235287673,1529235287673,3,1,1),
	(1529235676289,1529235676289,4,2,1),
	(1529235676299,1529235676299,5,2,1),
	(1529235676306,1529235676306,6,2,1),
	(1529235676312,1529235676312,7,2,1),
	(1529235676318,1529235676318,8,2,1),
	(1529235676323,1529235676323,9,2,1),
	(1529235676330,1529235676330,10,2,1),
	(1529235676336,1529235676336,11,2,1),
	(1529235676341,1529235676341,12,2,1),
	(1529235676347,1529235676347,13,2,1),
	(1529235676353,1529235676353,14,2,1),
	(1529235676359,1529235676359,15,2,1),
	(1529235676364,1529235676364,16,2,1),
	(1529235676369,1529235676369,17,2,1),
	(1529235676376,1529235676376,18,2,1),
	(1529235676382,1529235676382,19,2,1),
	(1529235676388,1529235676388,20,2,1),
	(1529235676393,1529235676393,21,2,1),
	(1529235676399,1529235676399,22,2,1),
	(1529235676405,1529235676405,23,2,1),
	(1529235676410,1529235676410,24,2,1),
	(1529235676415,1529235676415,25,2,1),
	(1529235676420,1529235676420,26,2,1),
	(1529235676425,1529235676425,27,2,1),
	(1529235676429,1529235676429,28,2,1),
	(1529235676434,1529235676434,29,2,1),
	(1529235676440,1529235676440,30,2,1),
	(1529235676444,1529235676444,31,2,1),
	(1529235676450,1529235676450,32,2,1),
	(1529235676455,1529235676455,33,2,1),
	(1529235676459,1529235676459,34,2,1),
	(1529235676464,1529235676464,35,2,1),
	(1529235676469,1529235676469,36,2,1),
	(1529235676474,1529235676474,37,2,1),
	(1529235676480,1529235676480,38,2,1),
	(1529235676485,1529235676485,39,2,1),
	(1529235676490,1529235676490,40,2,1),
	(1529235676495,1529235676495,41,2,1),
	(1529235676500,1529235676500,42,2,1),
	(1529235676506,1529235676506,43,2,1),
	(1529235676510,1529235676510,44,2,1),
	(1529235676515,1529235676515,45,2,1),
	(1529235676520,1529235676520,46,2,1),
	(1529235676524,1529235676524,47,2,1),
	(1529235676529,1529235676529,48,2,1),
	(1529235676534,1529235676534,49,2,1),
	(1529235676540,1529235676540,50,2,1),
	(1529235676544,1529235676544,51,2,1),
	(1529235676549,1529235676549,52,2,1),
	(1529235676553,1529235676553,53,2,1),
	(1529235676557,1529235676557,54,2,1),
	(1529235676602,1529235676602,55,2,1),
	(1529235676607,1529235676607,56,2,1),
	(1529235676612,1529235676612,57,2,1),
	(1529235676616,1529235676616,58,2,1),
	(1529235676621,1529235676621,59,2,1),
	(1529235676625,1529235676625,60,2,1),
	(1529235676630,1529235676630,61,2,1),
	(1529235676634,1529235676634,62,2,1),
	(1529235676639,1529235676639,63,2,1),
	(1529235676645,1529235676645,64,2,1),
	(1529235676651,1529235676651,65,2,1),
	(1529235676657,1529235676657,66,2,1),
	(1529235676662,1529235676662,67,2,1),
	(1529235676667,1529235676667,68,2,1),
	(1529235676673,1529235676673,69,2,1),
	(1529235676678,1529235676678,70,2,1),
	(1529235676683,1529235676683,71,2,1),
	(1529235676688,1529235676688,72,2,1),
	(1529235676694,1529235676694,73,2,1),
	(1529235676700,1529235676700,74,2,1),
	(1529235676704,1529235676704,75,2,1),
	(1529235676710,1529235676710,76,2,1),
	(1529235676715,1529235676715,77,2,1),
	(1529235676720,1529235676720,78,2,1),
	(1529235676726,1529235676726,79,2,1),
	(1529235676731,1529235676731,80,2,1),
	(1529235676736,1529235676736,81,2,1),
	(1529235676743,1529235676743,82,2,1),
	(1529235676748,1529235676748,83,2,1),
	(1529235676752,1529235676752,84,2,1),
	(1529235676757,1529235676757,85,2,1),
	(1529235676762,1529235676762,86,2,1),
	(1529235676766,1529235676766,87,2,1),
	(1529235676771,1529235676771,88,2,1),
	(1529235676775,1529235676775,89,2,1),
	(1529235676780,1529235676780,90,2,1),
	(1529235676784,1529235676784,91,2,1),
	(1529235676790,1529235676790,92,2,1),
	(1529235676795,1529235676795,93,2,1),
	(1529235676799,1529235676799,94,2,1),
	(1529235676804,1529235676804,95,2,1),
	(1529235676809,1529235676809,96,2,1),
	(1529235676813,1529235676813,97,2,1),
	(1529235676818,1529235676818,98,2,1),
	(1529235676822,1529235676822,99,2,1),
	(1529235676828,1529235676828,100,2,1),
	(1529235676834,1529235676834,101,2,1),
	(1529235676838,1529235676838,102,2,1),
	(1529235676844,1529235676844,103,2,1),
	(1529235676848,1529235676848,104,2,1),
	(1529235676852,1529235676852,105,2,1),
	(1529235676856,1529235676856,106,2,1),
	(1529235676860,1529235676860,107,2,1),
	(1529235676864,1529235676864,108,2,1),
	(1529235676869,1529235676869,109,2,1),
	(1529235676873,1529235676873,110,2,1),
	(1529235676879,1529235676879,111,2,1),
	(1529235676883,1529235676883,112,2,1),
	(1529235676887,1529235676887,113,2,1),
	(1529235676892,1529235676892,114,2,1),
	(1529235676898,1529235676898,115,2,1),
	(1529235676902,1529235676902,116,2,1),
	(1529235676906,1529235676906,117,2,1),
	(1529235676910,1529235676910,118,2,1),
	(1529235676914,1529235676914,119,2,1),
	(1529235676919,1529235676919,120,2,1),
	(1529235676923,1529235676923,121,2,1),
	(1529235676927,1529235676927,122,2,1),
	(1529235676932,1529235676932,123,2,1),
	(1529235676936,1529235676936,124,2,1),
	(1529235676941,1529235676941,125,2,1),
	(1529235676945,1529235676945,126,2,1),
	(1529235676950,1529235676950,127,2,1),
	(1529235676955,1529235676955,128,2,1),
	(1529235676960,1529235676960,129,2,1),
	(1529235676965,1529235676965,130,2,1),
	(1529235676971,1529235676971,131,2,1),
	(1529235676976,1529235676976,132,2,1),
	(1529235676982,1529235676982,133,2,1),
	(1529235676987,1529235676987,134,2,1),
	(1529235676992,1529235676992,135,2,1),
	(1529235676997,1529235676997,136,2,1),
	(1529235677002,1529235677002,137,2,1),
	(1529235677007,1529235677007,138,2,1),
	(1529235677013,1529235677013,139,2,1),
	(1529235677018,1529235677018,140,2,1),
	(1529235677025,1529235677025,141,2,1),
	(1529235677029,1529235677029,142,2,1),
	(1529235677033,1529235677033,143,2,1),
	(1529235677038,1529235677038,144,2,1),
	(1529235677042,1529235677042,145,2,1),
	(1529235677047,1529235677047,146,2,1),
	(1529235677051,1529235677051,147,2,1),
	(1529235677056,1529235677056,148,2,1),
	(1529235677061,1529235677061,149,2,1),
	(1529235677066,1529235677066,150,2,1),
	(1529235677071,1529235677071,151,2,1),
	(1529235677077,1529235677077,152,2,1),
	(1529235677082,1529235677082,153,2,1),
	(1529235677087,1529235677087,154,2,1),
	(1529235677093,1529235677093,155,2,1),
	(1529235677098,1529235677098,156,2,1),
	(1529235677104,1529235677104,157,2,1),
	(1529235677109,1529235677109,158,2,1),
	(1529235677114,1529235677114,159,2,1),
	(1529235677119,1529235677119,160,2,1),
	(1529235677123,1529235677123,161,2,1),
	(1529235677129,1529235677129,162,2,1),
	(1529235677134,1529235677134,163,2,1),
	(1529235677182,1529235677182,164,2,1),
	(1529235677186,1529235677186,165,2,1),
	(1529235677191,1529235677191,166,2,1),
	(1529235677195,1529235677195,167,2,1),
	(1529235677200,1529235677200,168,2,1),
	(1529235677204,1529235677204,169,2,1),
	(1529235677209,1529235677209,170,2,1),
	(1529235677214,1529235677214,171,2,1),
	(1529235677218,1529235677218,172,2,1),
	(1529235677222,1529235677222,173,2,1),
	(1529235677229,1529235677229,174,2,1),
	(1529235677233,1529235677233,175,2,1),
	(1529235677238,1529235677238,176,2,1),
	(1529235677242,1529235677242,177,2,1),
	(1529235677246,1529235677246,178,2,1),
	(1529235677251,1529235677251,179,2,1),
	(1529235677255,1529235677255,180,2,1),
	(1529235677259,1529235677259,181,2,1),
	(1529235677264,1529235677264,182,2,1),
	(1529235677269,1529235677269,183,2,1),
	(1529235677273,1529235677273,184,2,1),
	(1529235677277,1529235677277,185,2,1),
	(1529235677282,1529235677282,186,2,1),
	(1529235677286,1529235677286,187,2,1),
	(1529235677290,1529235677290,188,2,1),
	(1529235677294,1529235677294,189,2,1),
	(1529235677299,1529235677299,190,2,1),
	(1529235677304,1529235677304,191,2,1),
	(1529235677309,1529235677309,192,2,1),
	(1529235677313,1529235677313,193,2,1),
	(1529235677317,1529235677317,194,2,1),
	(1529235677321,1529235677321,195,2,1),
	(1529235677325,1529235677325,196,2,1),
	(1529235677329,1529235677329,197,2,1),
	(1529235677333,1529235677333,198,2,1),
	(1529235677337,1529235677337,199,2,1),
	(1529235677341,1529235677341,200,2,1),
	(1529235677345,1529235677345,201,2,1),
	(1529235677350,1529235677350,202,2,1),
	(1529235677354,1529235677354,203,2,1),
	(1529235720502,1529235720502,204,2,1),
	(1529235720507,1529235720507,205,2,1),
	(1529235720512,1529235720512,206,2,1),
	(1529235720516,1529235720516,207,2,1),
	(1529235720520,1529235720520,208,2,1),
	(1529235720525,1529235720525,209,2,1),
	(1529235720532,1529235720532,210,2,1),
	(1529235720536,1529235720536,211,2,1),
	(1529235720540,1529235720540,212,2,1),
	(1529235720544,1529235720544,213,2,1),
	(1529235720551,1529235720551,214,2,1),
	(1529235720558,1529235720558,215,2,1),
	(1529235720563,1529235720563,216,2,1),
	(1529235720568,1529235720568,217,2,1),
	(1529235720575,1529235720575,218,2,1),
	(1529235720581,1529235720581,219,2,1),
	(1529235720586,1529235720586,220,2,1),
	(1529235720592,1529235720592,221,2,1),
	(1529235720597,1529235720597,222,2,1),
	(1529235720602,1529235720602,223,2,1),
	(1529235720608,1529235720608,224,2,1),
	(1529235720614,1529235720614,225,2,1),
	(1529235720619,1529235720619,226,2,1),
	(1529235720624,1529235720624,227,2,1),
	(1529235720630,1529235720630,228,2,1),
	(1529235720635,1529235720635,229,2,1),
	(1529235720639,1529235720639,230,2,1),
	(1529235720644,1529235720644,231,2,1),
	(1529235720648,1529235720648,232,2,1),
	(1529235720653,1529235720653,233,2,1),
	(1529235720659,1529235720659,234,2,1),
	(1529235720664,1529235720664,235,2,1),
	(1529235720668,1529235720668,236,2,1),
	(1529235720674,1529235720674,237,2,1),
	(1529235720678,1529235720678,238,2,1),
	(1529235720682,1529235720682,239,2,1),
	(1529235720687,1529235720687,240,2,1),
	(1529235720692,1529235720692,241,2,1),
	(1529235720696,1529235720696,242,2,1),
	(1529235720701,1529235720701,243,2,1),
	(1529235720706,1529235720706,244,2,1),
	(1529235720712,1529235720712,245,2,1),
	(1529235720717,1529235720717,246,2,1),
	(1529235720721,1529235720721,247,2,1),
	(1529235720725,1529235720725,248,2,1),
	(1529235720729,1529235720729,249,2,1),
	(1529235720734,1529235720734,250,2,1),
	(1529235720739,1529235720739,251,2,1),
	(1529235720744,1529235720744,252,2,1),
	(1529235720748,1529235720748,253,2,1),
	(1529235720753,1529235720753,254,2,1),
	(1529235720758,1529235720758,255,2,1),
	(1529235720763,1529235720763,256,2,1),
	(1529235720769,1529235720769,257,2,1),
	(1529235720775,1529235720775,258,2,1),
	(1529235720779,1529235720779,259,2,1),
	(1529235720783,1529235720783,260,2,1),
	(1529235720787,1529235720787,261,2,1),
	(1529235720791,1529235720791,262,2,1),
	(1529235720795,1529235720795,263,2,1),
	(1529235720801,1529235720801,264,2,1),
	(1529235720806,1529235720806,265,2,1),
	(1529235720811,1529235720811,266,2,1),
	(1529235720815,1529235720815,267,2,1),
	(1529235720819,1529235720819,268,2,1),
	(1529235720824,1529235720824,269,2,1),
	(1529235720828,1529235720828,270,2,1),
	(1529235720832,1529235720832,271,2,1),
	(1529235720837,1529235720837,272,2,1),
	(1529235720841,1529235720841,273,2,1),
	(1529235720845,1529235720845,274,2,1),
	(1529235720851,1529235720851,275,2,1),
	(1529235720894,1529235720894,276,2,1),
	(1529235720898,1529235720898,277,2,1),
	(1529235720902,1529235720902,278,2,1),
	(1529235720907,1529235720907,279,2,1),
	(1529235720912,1529235720912,280,2,1),
	(1529235720916,1529235720916,281,2,1),
	(1529235720921,1529235720921,282,2,1),
	(1529235720926,1529235720926,283,2,1),
	(1529235720931,1529235720931,284,2,1),
	(1529235720935,1529235720935,285,2,1),
	(1529235720941,1529235720941,286,2,1),
	(1529235720945,1529235720945,287,2,1),
	(1529235720950,1529235720950,288,2,1),
	(1529235720956,1529235720956,289,2,1),
	(1529235720962,1529235720962,290,2,1),
	(1529235720967,1529235720967,291,2,1),
	(1529235720972,1529235720972,292,2,1),
	(1529235720976,1529235720976,293,2,1),
	(1529235720981,1529235720981,294,2,1),
	(1529235720986,1529235720986,295,2,1),
	(1529235720991,1529235720991,296,2,1),
	(1529235720996,1529235720996,297,2,1),
	(1529235721001,1529235721001,298,2,1),
	(1529235721006,1529235721006,299,2,1),
	(1529235721011,1529235721011,300,2,1),
	(1529235721018,1529235721018,301,2,1),
	(1529235721022,1529235721022,302,2,1),
	(1529235721026,1529235721026,303,2,1),
	(1529235721030,1529235721030,304,2,1),
	(1529235721034,1529235721034,305,2,1),
	(1529235721038,1529235721038,306,2,1),
	(1529235721042,1529235721042,307,2,1),
	(1529235721046,1529235721046,308,2,1),
	(1529235721050,1529235721050,309,2,1),
	(1529235721054,1529235721054,310,2,1),
	(1529235721059,1529235721059,311,2,1),
	(1529235721064,1529235721064,312,2,1),
	(1529235721069,1529235721069,313,2,1),
	(1529235721073,1529235721073,314,2,1),
	(1529235721077,1529235721077,315,2,1),
	(1529235721081,1529235721081,316,2,1),
	(1529235721085,1529235721085,317,2,1),
	(1529235721089,1529235721089,318,2,1),
	(1529235721094,1529235721094,319,2,1),
	(1529235721098,1529235721098,320,2,1),
	(1529235721103,1529235721103,321,2,1),
	(1529235721109,1529235721109,322,2,1),
	(1529235721113,1529235721113,323,2,1),
	(1529235721120,1529235721120,324,2,1),
	(1529235721124,1529235721124,325,2,1),
	(1529235721128,1529235721128,326,2,1),
	(1529235721132,1529235721132,327,2,1),
	(1529235721136,1529235721136,328,2,1),
	(1529235721140,1529235721140,329,2,1),
	(1529235721145,1529235721145,330,2,1),
	(1529235721149,1529235721149,331,2,1),
	(1529235721155,1529235721155,332,2,1),
	(1529235721159,1529235721159,333,2,1),
	(1529235721164,1529235721164,334,2,1),
	(1529235721168,1529235721168,335,2,1),
	(1529235721174,1529235721174,336,2,1),
	(1529235721179,1529235721179,337,2,1),
	(1529235721183,1529235721183,338,2,1),
	(1529235721186,1529235721186,339,2,1),
	(1529235721190,1529235721190,340,2,1),
	(1529235721195,1529235721195,341,2,1),
	(1529235721199,1529235721199,342,2,1),
	(1529235721203,1529235721203,343,2,1),
	(1529235721208,1529235721208,344,2,1),
	(1529235721212,1529235721212,345,2,1),
	(1529235721217,1529235721217,346,2,1),
	(1529235721221,1529235721221,347,2,1),
	(1529235721227,1529235721227,348,2,1),
	(1529235721232,1529235721232,349,2,1),
	(1529235721236,1529235721236,350,2,1),
	(1529235721241,1529235721241,351,2,1),
	(1529235721246,1529235721246,352,2,1),
	(1529235721251,1529235721251,353,2,1),
	(1529235721255,1529235721255,354,2,1),
	(1529235721261,1529235721261,355,2,1),
	(1529235721265,1529235721265,356,2,1),
	(1529235721270,1529235721270,357,2,1),
	(1529235721275,1529235721275,358,2,1),
	(1529235721279,1529235721279,359,2,1),
	(1529235721284,1529235721284,360,2,1),
	(1529235721291,1529235721291,361,2,1),
	(1529235721296,1529235721296,362,2,1),
	(1529235721300,1529235721300,363,2,1),
	(1529235721304,1529235721304,364,2,1),
	(1529235721310,1529235721310,365,2,1),
	(1529235721314,1529235721314,366,2,1),
	(1529235721318,1529235721318,367,2,1),
	(1529235721323,1529235721323,368,2,1),
	(1529235721327,1529235721327,369,2,1),
	(1529235721332,1529235721332,370,2,1),
	(1529235721336,1529235721336,371,2,1),
	(1529235721341,1529235721341,372,2,1),
	(1529235721346,1529235721346,373,2,1),
	(1529235721350,1529235721350,374,2,1),
	(1529235721355,1529235721355,375,2,1),
	(1529235721361,1529235721361,376,2,1),
	(1529235721366,1529235721366,377,2,1),
	(1529235721371,1529235721371,378,2,1),
	(1529235721376,1529235721376,379,2,1),
	(1529235721381,1529235721381,380,2,1),
	(1529235721387,1529235721387,381,2,1),
	(1529235721391,1529235721391,382,2,1),
	(1529235721396,1529235721396,383,2,1),
	(1529235721401,1529235721401,384,2,1),
	(1529235721452,1529235721452,385,2,1),
	(1529235721458,1529235721458,386,2,1),
	(1529235721462,1529235721462,387,2,1),
	(1529235721466,1529235721466,388,2,1),
	(1529235721470,1529235721470,389,2,1),
	(1529235721474,1529235721474,390,2,1),
	(1529235721478,1529235721478,391,2,1),
	(1529235721483,1529235721483,392,2,1),
	(1529235721487,1529235721487,393,2,1),
	(1529235721491,1529235721491,394,2,1),
	(1529235721496,1529235721496,395,2,1),
	(1529235721501,1529235721501,396,2,1),
	(1529235721505,1529235721505,397,2,1),
	(1529235721509,1529235721509,398,2,1),
	(1529235721514,1529235721514,399,2,1),
	(1529235721518,1529235721518,400,2,1),
	(1529235721522,1529235721522,401,2,1),
	(1529235721526,1529235721526,402,2,1),
	(1529235721529,1529235721529,403,2,1),
	(1529236349474,1529236349474,404,2,2),
	(1529236357464,1529236357464,405,1,2),
	(1529274075430,1529274075430,406,1,2),
	(1529274115642,1529274115642,407,1,2),
	(1529274115650,1529274115650,408,1,2),
	(1529274115656,1529274115656,409,1,2);

/*!40000 ALTER TABLE `passagem` ENABLE KEYS */;
UNLOCK TABLES;


# Dump of table voo
# ------------------------------------------------------------

DROP TABLE IF EXISTS `voo`;

CREATE TABLE `voo` (
  `createdAt` bigint(20) DEFAULT NULL,
  `updatedAt` bigint(20) DEFAULT NULL,
  `id` int(11) NOT NULL AUTO_INCREMENT,
  `dataSaida` datetime DEFAULT NULL,
  `dataChegada` datetime DEFAULT NULL,
  `destino` varchar(255) DEFAULT NULL,
  `origem` varchar(255) DEFAULT NULL,
  `capacidadeMaxima` double DEFAULT NULL,
  `valor` double DEFAULT NULL,
  `aeronave` int(11) DEFAULT NULL,
  PRIMARY KEY (`id`),
  UNIQUE KEY `id` (`id`)
) ENGINE=InnoDB AUTO_INCREMENT=3 DEFAULT CHARSET=utf8;

LOCK TABLES `voo` WRITE;
/*!40000 ALTER TABLE `voo` DISABLE KEYS */;

INSERT INTO `voo` (`createdAt`, `updatedAt`, `id`, `dataSaida`, `dataChegada`, `destino`, `origem`, `capacidadeMaxima`, `valor`, `aeronave`)
VALUES
	(1529167673619,1529170085381,1,'2018-04-21 06:00:00','2018-04-21 08:00:00','São Paulo','Juiz de Fora',120,200,25),
	(1529167673619,1529170085381,2,'2018-04-21 10:00:00','2018-04-21 12:00:00','Juiz de Fora','São Paulo',120,200,25);

/*!40000 ALTER TABLE `voo` ENABLE KEYS */;
UNLOCK TABLES;



/*!40111 SET SQL_NOTES=@OLD_SQL_NOTES */;
/*!40101 SET SQL_MODE=@OLD_SQL_MODE */;
/*!40014 SET FOREIGN_KEY_CHECKS=@OLD_FOREIGN_KEY_CHECKS */;
/*!40101 SET CHARACTER_SET_CLIENT=@OLD_CHARACTER_SET_CLIENT */;
/*!40101 SET CHARACTER_SET_RESULTS=@OLD_CHARACTER_SET_RESULTS */;
/*!40101 SET COLLATION_CONNECTION=@OLD_COLLATION_CONNECTION */;
